Supplier_Supplier_ID;Supplier_Supplier_name;Supplier_Supplier_adress;Supplier_Contact_name;Supplier_Contact_email;Store_Store_ID;Store_Store_name;Store_Store_adress;Store_Manager_name;Store_Manager_phone;Store_Manager_email;Product_Product_ID;Product_Product_name;Product_Store_ID;Product_Description;Product_Supplier_ID;Product_Unit;Product_Unit_price;Product_Shelf_life_days;Inventory_Inventory_ID;Inventory_Store_ID;Inventory_Product_ID;Inventory_Quantity;Inventory_Last_updated;Order_Order_ID;Order_Order_date;Order_Order_name;Order_Store_ID;Order_Supplier_ID;Order_Status;Order_Contact_name;Order_Contact_phone;Order_Contact_email;Order_Delivery_date_expected
SUP001;Михайлюк-Корбут;шосе Леваневського, буд. 6 кв. 25, Буча, 27630;пан Павло Чередник;feofan81@email.ua;S001;Хомик Inc;сквер Фабрична, буд. 980 кв. 46, Первомайськ, 41824;Вікторія Харченко;+38 099 081-96-61;iaroslav10@shylo.укр;P001;Suscipit;S082;Exercitationem vel quis possimus animi inventore distinctio esse.;SUP060;л;46,4;327;I001;S025;P084;139;2025-04-08;O001;2025-01-11;magni;S075;SUP058;Скасовано;Варвара Бабиченко;491 14 45;korsunhennadii@rudko-yurchenko.ua;2025-01-20
SUP002;Дрозденко, Корпанюк and Свириденко;проспект Басейна, буд. 97 кв. 0, Сіверськ, 57740;Нестор Забарний;hlibhres@zaiets-zubko.net;S002;Овсієнко-Верховинець;провулок Єврейська, буд. 14, Ялта, 58433;Ада Ющенко;317-05-79;ivasiukiefrem@meta.ua;P002;Impedit;S015;Odit blanditiis quod.;SUP049;шт;111,89;219;I002;S033;P089;223;2025-02-21;O002;2025-04-18;consequatur;S004;SUP003;Скасовано;Адам Пʼятаченко;+38 070 729-66-48;oresttverdokhlib@email.ua;2025-01-01
SUP003;Іващенко, Хоменко and Колесниченко;сквер Сашка Хорошенка, буд. 8, Інкерман, 26309;Михайло Данько;rozaliiakolisnychenko@meta.ua;S003;Затовканюк Inc;шосе Аеродромний 2-й, буд. 64 кв. 69, Марганець , 49531;Левко Сиротенко;772 07 56;ivanenkostepan@meta.ua;P003;Facere;S004;Debitis et fugit voluptatem.;SUP035;л;36,63;144;I003;S006;P001;248;2025-02-14;O003;2025-04-08;amet;S040;SUP012;Скасовано;Владислав Рябошапка;274 14 70;amvrosii00@shvachka-laba.com;2025-01-31
SUP004;Бабій-Бебешко;парк Теліги Олени, буд. 941 кв. 4, Першотравенськ, 19104;Хома Джус;symonvakhnii@meta.ua;S004;Устенко, Піддубний and Тимчук;провулок Слобідська, буд. 330, Сокаль, 53919;пані Марта Артюх;017 886-84-62;varvarakarpenko@davymuka-udovychenko.info;P004;Debitis;S095;Illo vitae porro.;SUP082;кг;44,86;25;I004;S091;P097;14;2025-04-12;O004;2025-05-07;nesciunt;S074;SUP038;Очікується;Соломія Ґжицький;+38 012 226-80-40;dlavrenko@rubets-babko.ua;2025-03-31
SUP005;Бабій Ltd;набережна Академіка Ясиновського, буд. 482 кв. 69, Татарбунари, 109430;пан Іван Зінчук;vyshniakamvrosii@gov.ua;S005;Ващук Inc;парк Рєпіна, буд. 221, Апостолове, 34576;Антон Гриценко;394 39 59;fsomko@karas-dubenko.ua;P005;Doloremque;S036;Modi eaque iusto.;SUP089;кг;97,9;4;I005;S056;P099;199;2025-02-02;O005;2025-04-18;rem;S087;SUP029;Скасовано;Гліб Овчаренко;+38 047 685-21-32;tkacholeksandr@kozak-aleksiuk.org;2025-03-13
SUP006;Опанасенко, Журба and Стельмах;сквер Авангардна, буд. 0, Кам'янець-Подільський, 102685;Пріска Ісаєвич;dakhnoviacheslav@mykhaliuk.com;S006;Ващук, Бебешко and Парасюк;набережна Кедровий, буд. 418, Дніпрорудне, 77992;Леон Іщак;015 248 19 51;pvertyporokh@nestaiko.укр;P006;Provident;S032;Soluta quisquam minus maiores.;SUP072;шт;176,15;173;I006;S001;P014;172;2025-05-02;O006;2025-03-15;suscipit;S049;SUP052;Виконано;Олекса Юрчишин;+38 043 882-14-09;aonishchuk@meta.ua;2025-02-11
SUP007;Тригуб-Токар;парк Український 1-й, буд. 64, Ізяслав, 92279;пан Охрім Бабич;parasiukfedir@neporozhnii.org;S007;Величко Group;сквер Тираспольська, буд. 448 кв. 96, Генічеськ, 98662;Златослава Лубенець;+38 004 565-01-09;ihorsachenko@email.ua;P007;Sed;S029;Veniam commodi praesentium.;SUP029;шт;24,32;69;I007;S067;P100;342;2025-02-03;O007;2025-04-23;distinctio;S051;SUP089;Виконано;Віолетта Єфименко;+38 050 522-15-56;illia20@atroshchenko.org;2025-02-24
SUP008;Мазепа Inc;площа Лінія 23-тя, буд. 6, Зоринськ, 26628;Адам Удовиченко;mykytamatiash@email.ua;S008;Власенко-Калениченко;проспект Псковський, буд. 7 кв. 00, Галич, 24163;пані Володимира Забашта;+38 051 240 56 42;iukhymenkoievhen@gerus.org;P008;Suscipit;S018;Facilis alias voluptatibus quod voluptatem quidem.;SUP088;кг;163,52;329;I008;S069;P055;347;2025-04-02;O008;2025-04-21;officia;S092;SUP032;Виконано;Варфоломій Ященко;836-96-89;skonoplenko@gmail.com;2025-03-21
SUP009;Базилевський Ltd;сквер Учнівська, буд. 314, Луганськ, 109026;Герман  Дахно;malykorkhyp@i.ua;S009;Савенко Inc;сквер Райдужна, буд. 23, Прилуки, 58584;Богдан Артимишин;012 77 11;vladyslav66@nehoda-ovsiienko.org;P009;Nostrum;S095;Consectetur quod nam explicabo.;SUP042;кг;172,63;137;I009;S088;P029;408;2025-03-21;O009;2025-03-10;minima;S026;SUP040;Виконано;Давид Чабан;077 234 44 30;xpelekh@i.ua;2025-03-22
SUP010;Шовкопляс-Приходько;узвіз Тимірязєва, буд. 55, Лутугине, 71190;Стефан Базилевич;fvashchenko@ukr.net;S010;Черненко and Sons;шосе Південна дорога, буд. 8, Тлумач, 51516;Ярослава Швайка;+38 058 685 21 90;allaazhazha@yashchenko.info;P010;Quae;S014;Quos deleniti accusantium libero dolore officiis.;SUP099;шт;28,6;85;I010;S093;P023;207;2025-02-22;O010;2025-01-30;ex;S010;SUP085;Скасовано;Богданна Гузь;+38 060 235-08-20;semenchenkonadiia@gov.ua;2025-01-29
SUP011;Гаврилець, Дерегус and Хмара;сквер Дорожня, буд. 46 кв. 7, Карлівка, 34069;пан Варфоломій Жайворон;fpavlyk@petryk.укр;S011;Данькевич-Черненко;парк Катерининська, буд. 1 кв. 9, Перевальськ, 54271;Лариса Нестеренко;919 49 75;jatamaniuk@havrylets-deineka.net;P011;Nobis;S087;Vel cupiditate fuga alias voluptate reprehenderit laboriosam.;SUP100;шт;133,91;229;I011;S095;P090;370;2025-04-10;O011;2025-01-26;praesentium;S076;SUP075;Виконано;пан Макар Архипенко;252-76-23;rkadeniuk@ukr.net;2025-02-24
SUP012;Зарудний-Лагода;набережна Нечипуренка, буд. 766 кв. 14, Ковель, 22866;Людмила Зубко;chumachenkoustym@gov.ua;S012;Зінченко-Міщенко;площа Совіньйонівський, буд. 9, Алмазна, 08988;пані Мілена Фартушняк;+38 094 190-74-44;pavlokonoplenko@aleksiichuk.com;P012;Amet;S095;Dignissimos ipsum eius possimus ea a hic.;SUP008;шт;112,71;285;I012;S095;P067;84;2025-02-23;O012;2025-04-05;error;S089;SUP048;Виконано;Андрій Ісаєнко;963 31 19;anastasiiachernenko@isaievych.com;2025-04-03
SUP013;Дробаха, Андрійович and Гаврилів;площа Педагогічний, буд. 8 кв. 369, Торецьк, 108245;Зиновій Гайдай;dankabaliuk@ruban-matviienko.net;S013;Гузь-Уманець;площа Закарпатська, буд. 2 кв. 79, Харків, 12147;Ярина Василашко;005 388-23-17;jieroshenko@tkachenko.укр;P013;Facere;S070;Voluptatibus magnam delectus sit soluta ea quasi ratione.;SUP030;л;12,8;364;I013;S086;P060;430;2025-04-25;O013;2025-01-17;labore;S081;SUP061;Скасовано;Гордій Влох;392-06-47;haievskyirozaliia@ukr.net;2025-04-18
SUP014;Бездітко-Дубина;сквер Естонський, буд. 3, Кролевець, 38919;Ірена Коваленко;frantspoltavets@gov.ua;S014;Ємець, Примаченко and Лаба;провулок Краснослобідський, буд. 409 кв. 7, Шепетівка, 73599;Валентин Александренко;209-06-82;bazavluchenkomaryna@i.ua;P014;Quos;S012;Libero laudantium similique eligendi reiciendis cumque omnis.;SUP005;шт;27,72;221;I014;S026;P007;239;2025-03-19;O014;2025-05-09;earum;S032;SUP071;Скасовано;Гордій Кальченко;+38 (041) 948-50-89;symonzabashta@baranyk.org;2025-05-09
SUP015;Дашенко Group;набережна Івана Микитенка, буд. 746, Сокаль, 02281;Максим Жученко;dmishchenko@shelest-rudko.укр;S015;Артюх, Данильчук and Єрмоленко;площа Байкал тупик, буд. 772 кв. 482, Краматорськ, 28809;Венедикт Дейсун;069 127-33-59;nazar81@gmail.com;P015;Odit;S076;Velit consectetur consequuntur itaque incidunt voluptatum nostrum.;SUP041;шт;153,18;290;I015;S047;P072;470;2025-05-07;O015;2025-03-06;praesentium;S014;SUP068;Очікується;Анастасія Ярема;+38 074 428-13-56;irena03@yizhakevych-bakumenko.ua;2025-04-01
SUP016;Вергун, Худобʼяк and Чуйко;набережна Десятого квітня, буд. 230, Лутугине, 17611;Марʼяна Асаула;klyment68@ukr.net;S016;Савенко, Акименко and Онуфрієнко;провулок Студентський 4-й, буд. 71 кв. 6, Іллінці, 64416;Едита Калениченко;808 23 48;xiaremkiv@bezborodky.com;P016;Laudantium;S055;Iste quo aliquid beatae.;SUP052;л;54,91;7;I016;S056;P032;65;2025-02-12;O016;2025-03-08;optio;S090;SUP045;Скасовано;Святослава Андрійчук;697-86-04;panaslesyk@gmail.com;2025-02-26
SUP017;Голик LLC;парк Льва Толстого, буд. 17 кв. 29, Самбір, 29894;пані Альбіна Прокопович;ihohol@meta.ua;S017;Терещук-Орлик;сквер Садовий, буд. 486 кв. 213, Жовква, 06789;Богуслава Чуйко;+38 010 171-52-64;lutsenkoheorhii@kozak.укр;P017;Totam;S005;Voluptatum possimus repellat amet error natus magni.;SUP035;кг;87,22;60;I017;S009;P016;318;2025-02-05;O017;2025-02-07;optio;S099;SUP055;Скасовано;Світлана Івасюк;996-85-89;trokhym39@email.ua;2025-01-02
SUP018;Демиденко-Притула;вулиця Селекційна, буд. 946, Перевальськ, 71585;Захар Яковенко;datsenkosemen@i.ua;S018;Яремко-Забарний;сквер Уютна, буд. 8 кв. 055, Погребище, 48327;Орина Козаченко;+38 (084) 383-90-29;martyn26@baklan.укр;P018;Neque;S004;Possimus nobis quam nisi earum perspiciatis.;SUP009;шт;101,46;41;I018;S086;P059;273;2025-02-10;O018;2025-01-03;ipsa;S039;SUP096;Очікується;Василина Асаула;072 384-73-77;veniiamynchupryna@i.ua;2025-05-08
SUP019;Малишко and Sons;провулок Платанова, буд. 0, Костянтинівка, 08050;Азар Теличенко;shvedchenkodavyd@sachenko.укр;S019;Вернигора LLC;узвіз Маланова, буд. 39, Голубівка, 06843;Вʼячеслав Артюшенко;+38 (071) 841-22-56;oles39@svyrydenko.com;P019;Culpa;S012;Sunt quaerat facilis minus totam velit.;SUP028;л;174,28;356;I019;S043;P018;13;2025-04-26;O019;2025-01-22;officiis;S088;SUP071;Очікується;Демʼян Швачка;+38 (075) 089-53-84;qnazarenko@email.ua;2025-01-23
SUP020;Гавриш and Sons;сквер Бабеля, буд. 36 кв. 45, Вижниця, 19770;Тереза Христенко;iaroslav20@arsenych-vlasenko.com;S020;Масляк-Лазаренко;набережна Тимірязєва, буд. 79 кв. 8, Южноукраїнськ, 26774;Степан Атаманюк;+38 (036) 919-21-24;jtsarenko@gmail.com;P020;Earum;S028;Magnam reprehenderit quasi sunt consequuntur laboriosam assumenda.;SUP073;шт;181,46;79;I020;S080;P060;464;2025-01-09;O020;2025-02-03;nihil;S077;SUP043;Скасовано;Семен Лубенець;650-53-00;sdurdynets@ukr.net;2025-02-21
SUP021;Шевченко Ltd;парк Маловського, буд. 40 кв. 8, Перечин, 45201;Василина Ткаченко;myroslav55@i.ua;S021;Зайченко, Батіг and Кибкало;шосе Лузанівський 1-й, буд. 005, Одеса, 62079;Світлана Рябець;295-97-96;iaroslav47@davymuka.net;P021;Cupiditate;S030;Illum pariatur architecto earum deserunt alias.;SUP092;шт;41,28;282;I021;S041;P086;201;2025-03-26;O021;2025-01-07;molestias;S016;SUP046;Очікується;Мілена Шиян;+38 050 160-62-63;boryslav74@vasylashko-havrylyshyn.ua;2025-02-15
SUP022;Ващенко-Захарченко-Джус;провулок Чорноморський 7-й, буд. 863, Новоазовськ, 08270;Богуслава Тесленко;les53@vasylashko.укр;S022;Калениченко, Овсієнко and Москаль;парк Радіальний, буд. 8 кв. 621, Золочів, 63539;Пилип Охримович;054 809-90-15;smyknataliia@email.ua;P022;Consequuntur;S065;Quas rerum ducimus distinctio temporibus.;SUP041;л;10,41;21;I022;S085;P068;303;2025-03-14;O022;2025-02-07;delectus;S073;SUP090;Виконано;Орися Аверченко;951-84-71;adam27@arsenych-zhuk.info;2025-05-02
SUP023;Кармалюк Inc;шосе Пржевальського, буд. 93, Прилуки, 35836;Петро Мамчур;andriichukiukhym@i.ua;S023;Пушкар-Тихий;шосе Лузанівський 1-й, буд. 1, Ясинувата, 105579;Феофан Хомик;+38 (051) 746-04-83;danna41@danyliuk-neporozhnii.info;P023;Numquam;S078;Fugiat tenetur blanditiis reiciendis.;SUP028;кг;84,18;192;I023;S016;P072;288;2025-01-02;O023;2025-02-16;blanditiis;S006;SUP059;Скасовано;Ярослава Шутько;081 671-60-76;mykhailyna62@gmail.com;2025-02-03
SUP024;Лемешко, Голобородько and Андрійчук;площа Василя Кандинського 4-й, буд. 4 кв. 15, Жовква, 82657;Олекса Забіла;drobakhaleonid@dubas.net;S024;Радченко, Засенко and Деркач;вулиця Ростовська, буд. 5, Пологи , 27709;Юстим Сацюк;+38 (053) 856-05-56;ievdokymenkohlib@gov.ua;P024;Labore;S004;Ducimus quod labore illum consequatur assumenda consequatur.;SUP084;л;186,04;301;I024;S093;P077;339;2025-03-07;O024;2025-04-07;fuga;S045;SUP035;Очікується;Августин Бабенко;+38 093 767 77 20;mykytatsymbaliuk@meta.ua;2025-03-29
SUP025;Артимишин-Дрозд;вулиця Бодаревського, буд. 426, Черкаси, 99615;Омелян Доценко;parmen40@gmail.com;S025;Бандера, Фоменко and Дзюба;провулок Дунаєвського 3-й, буд. 5 кв. 2, Рожище, 74554;Симон Охріменко;023 506-21-24;marusiadevdiuk@miroshnychenko.ua;P025;Occaecati;S072;Magni quo maiores assumenda placeat ex rem.;SUP064;шт;159,17;285;I025;S039;P041;13;2025-01-10;O025;2025-02-08;minus;S069;SUP040;Очікується;Марія Александренко;+38 088 262-00-68;mykhailychenkoedyta@lubenets.ua;2025-04-09
SUP026;Шинкаренко, Редько and Саєнко;сквер Чорноморський 4-й, буд. 55, Білгород-Дністровський, 59405;Лесь Андріїшин;odarkasvyrydenko@email.ua;S026;Хмара-Луценко;вулиця Івана Вазова, буд. 3 кв. 01, Пологи , 01882;Феофан Юрчишин;627 40 71;albinavanchenko@vakhnii.org;P026;Dolor;S026;Provident dicta atque repellat amet.;SUP051;кг;64,2;78;I026;S065;P097;42;2025-02-06;O026;2025-05-05;ratione;S055;SUP033;Очікується;Богодар Бандера;+38 (014) 645-97-65;iaroslavdrozd@shablii.укр;2025-03-17
SUP027;Їжакевич-Ґерус;провулок Міцкевича, буд. 97, Часів Яр, 14563;Богуслава Бабко;mderhach@okhrymovych.ua;S027;Матяш PLC;сквер Героїв Крут, буд. 4, Звенигородка, 28194;Ліза Пушкар;028 632 47 86;iaroslavatkachenko@andriienko-umanets.org;P027;Sit;S092;Cupiditate culpa ab delectus.;SUP083;л;142,35;223;I027;S040;P057;329;2025-03-17;O027;2025-01-03;deserunt;S085;SUP030;Очікується;Віолетта Свириденко;473 66 89;hiermolenko@email.ua;2025-02-01
SUP028;Данчук PLC;вулиця Садова 4-та, буд. 992, Кіцмань, 47152;Варфоломій Данчук;iaroslavarudyk@i.ua;S028;Ващенко-Закусило;узвіз Лінія 44-та, буд. 3 кв. 90, Комарно, 44330;Ірена Вовк;+38 (055) 200-40-49;iustyna52@gov.ua;P028;Debitis;S084;Est voluptates voluptatum quam.;SUP059;л;148,8;68;I028;S086;P079;219;2025-02-27;O028;2025-02-08;alias;S048;SUP016;Скасовано;пані Анастасія Савенко;066 619-88-96;oleksazhuravel@email.ua;2025-02-14
SUP029;Байдак Inc;набережна Флотський 4-й, буд. 23 кв. 06, Амвросіївка, 104095;Христина Піддубний;orkhypchervonenko@ukr.net;S029;Голик Inc;сквер Міцкевича, буд. 4 кв. 28, Васильків, 105197;Панас Єременко;168 69 07;petrenkobohodar@babii.укр;P029;Sapiente;S090;Harum porro magni quo.;SUP019;кг;158,84;24;I029;S053;P093;69;2025-01-12;O029;2025-04-04;accusantium;S009;SUP093;Очікується;пані Марта Сагаль;041-98-00;baidakoryna@meta.ua;2025-01-05
SUP030;Жайворон, Шеремета and Байда;узвіз Художника Федорова, буд. 4 кв. 4, Яготин, 82414;Ярослава Салій;xhrechko@ukr.net;S030;Архимович-Гунько;сквер Ціолковського, буд. 7 кв. 52, Радомишль, 47301;Омелян Гавриш;+38 037 177-43-49;sviatoslavhunko@gmail.com;P030;Sint;S070;Eos vel officia nulla nobis mollitia.;SUP034;шт;135,76;160;I030;S042;P065;443;2025-04-20;O030;2025-04-24;voluptas;S065;SUP025;Очікується;Левко Батіг;160 69 90;haivoronskyiviktoriia@ovcharenko.org;2025-01-13
SUP031;Башполченко, Михайличенко and Килимник;площа Кутузова, буд. 916, Кременець, 89701;Олекса Цушко;anzhela41@gmail.com;S031;Рябошапка, Гуцуляк and Ірванець;узвіз Гаршина, буд. 2, Новоселиця, 49051;Златослава Іщенко;+38 (068) 533-93-00;htsybulenko@email.ua;P031;Placeat;S054;Ullam culpa debitis eaque.;SUP018;л;102,47;189;I031;S052;P055;236;2025-03-13;O031;2025-03-11;occaecati;S083;SUP041;Очікується;Ярина Засядько;+38 (049) 602-30-06;neporozhniispas@gov.ua;2025-04-03
SUP032;Мазепа, Дейнека and Жук;узвіз Трояндова, буд. 4 кв. 42, Баранівка, 89831;Амалія Архипенко;vasylyna36@email.ua;S032;Гоголь, Акуленко and Баштан;вулиця Оранжерейний, буд. 832, Бахмут, 75789;Онисим Андрієвич;+38 018 668-94-36;kyrylodrobakha@yurchenko-kabanenko.укр;P032;Minus;S029;Atque quo veritatis cupiditate impedit odio odio.;SUP032;л;46,08;23;I032;S090;P071;93;2025-01-21;O032;2025-04-22;a;S044;SUP016;Виконано;Оксана Фоменко;+38 097 535-80-26;usykanzhela@meta.ua;2025-04-10
SUP033;Товстоліс-Жадан;набережна Морський 2-й, буд. 186 кв. 347, Часів Яр, 64625;Мирослав Редько;filipenkoarkadii@poltavets.ua;S033;Оліфіренко, Лесик and Щириця;вулиця Слобідська, буд. 6, Червоноград, 68233;пан Станіслав Гузь;+38 080 478-96-13;vadym76@bazavluchenko.com;P033;Distinctio;S058;Recusandae assumenda aliquid alias id amet aliquid.;SUP096;л;51,36;186;I033;S038;P058;25;2025-04-27;O033;2025-04-13;eius;S002;SUP096;Виконано;Михайлина Зайченко;122-38-38;ihordzhun@valenko.com;2025-01-01
SUP034;Шевченко and Sons;вулиця Успенський, буд. 419, Чуднів, 35387;Левко Ткач;nkozachenko@vasylevych-tereshchuk.ua;S034;Проценко, Філіпенко and Гречко;проспект Мариністів, буд. 06, Кам'янське, 74403;Зорян Вакуленко;233 04 31;odarkaoberemko@okhrimenko.info;P034;Laboriosam;S076;Voluptatum quisquam illum.;SUP072;шт;21,11;110;I034;S071;P021;133;2025-01-15;O034;2025-05-06;ad;S054;SUP069;Скасовано;Аліна Чорновіл;068 488-28-80;huziipavlo@romanchuk.ua;2025-03-24
SUP035;Гайда, Василечко and Устенко;парк Гімназична, буд. 4 кв. 389, Мирноград, 63817;Зиновій Дараган;volodymyrdziuba@ishchak.info;S035;Полтавець Ltd;узвіз Нафтовиків 3-й, буд. 212, Новий Буг, 71976;Віра Філіпенко;006 679-40-62;xtereshchuk@yizhak.info;P035;Pariatur;S036;Tenetur quo aliquid.;SUP069;л;149,79;352;I035;S017;P096;194;2025-04-20;O035;2025-05-11;voluptate;S063;SUP098;Скасовано;Георгій Жайворон;+38 044 092-11-32;oles75@gov.ua;2025-03-30
SUP036;Годунок, Їжакевич and Терещенко;парк Поїзна, буд. 1, Дубровиця, 18501;Камілла Безбородько;iaremacharnysh@babiuk.com;S036;Вишиваний-Малишко;парк Академіка Вільямса, буд. 54 кв. 86, Бахмут, 73155;Валентин Ткач;059 798 20 68;wskyba@email.ua;P036;Deleniti;S001;Beatae perferendis consectetur dolorem magni eligendi.;SUP034;кг;21,58;130;I036;S025;P061;167;2025-01-08;O036;2025-05-09;illo;S014;SUP089;Виконано;Миколай Шаблій;985 63 07;alevtyn35@chalenko-gzhytskyi.org;2025-03-10
SUP037;Базилевський, Коваленко and Конопля;сквер Польовий 1-й, буд. 0, Очаків, 82462;Теодор Акименко;ogereta@yatsenko.net;S037;Авраменко-Артимович;шосе Брестська, буд. 35 кв. 56, Ізмаїл, 73412;Григорій Яценко;527-61-45;opanas20@dankiv.org;P037;Repudiandae;S098;Cum praesentium cum illo possimus.;SUP096;кг;69,58;344;I037;S054;P058;108;2025-02-11;O037;2025-02-23;provident;S056;SUP024;Виконано;Тимофій Адаменко;+38 051 290-96-43;odarka16@tovstolis.ua;2025-03-28
SUP038;Ющенко-Шведченко;набережна Кінна, буд. 91 кв. 88, Хмільник, 84186;Лариса Ковпак;varvarashchyrytsia@matviienko.укр;S038;Конопля, Карпенко and Власюк;узвіз Пiвденний, буд. 8 кв. 88, Скадовськ, 75226;Аркадій Юрчук;+38 004 573-05-72;svitlanaiaremko@meta.ua;P038;Nisi;S021;Repellendus explicabo esse quaerat.;SUP075;л;19,53;55;I038;S086;P034;232;2025-03-22;O038;2025-03-15;aspernatur;S047;SUP025;Очікується;Еріка Шеремет;+38 094 148-30-28;zharkozorian@gmail.com;2025-03-03
SUP039;Алексеєнко-Яремків;вулиця Кедровий, буд. 53, Лебедин, 34000;Леонтій Скопенко;ielysaveta66@tiahnybok-danyliuk.com;S039;Рудько LLC;парк Ялинковий, буд. 69 кв. 137, Монастириська, 96224;Віра Ґалаґан;+38 (072) 505-93-49;orysia55@fastenko-zatula.info;P039;Autem;S090;Et quisquam a pariatur repellat dignissimos.;SUP055;л;100,59;184;I039;S049;P097;167;2025-04-08;O039;2025-04-23;id;S082;SUP028;Очікується;Володимира Бакуменко;+38 011 153-92-46;kamilla99@yerchenko.net;2025-01-01
SUP040;Мірошниченко Group;проспект Чорноморка, буд. 635, Буськ, 62454;Гаврило Ващенко-Захарченко;hordii23@chornovil.ua;S040;Пушкар-Бандурка;узвіз Танкерна, буд. 4 кв. 5, Олешки, 18591;Дмитро Матяш;015 741 67 09;zlatoslava30@gov.ua;P040;Aliquam;S055;In fuga omnis rem error.;SUP075;кг;184,68;289;I040;S087;P032;172;2025-05-05;O040;2025-02-28;ab;S059;SUP095;Виконано;Олександр Забіла;+38 021 145 29 67;tetianamakarenko@stus.org;2025-01-08
SUP041;Шамрай Group;провулок Толбухіна, буд. 740, Радомишль, 56164;Дарина Уманець;olifirenkooleksa@nikoliuk.com;S041;Цимбалюк, Романенко and Савенко;проспект Тимірязєва 5-й, буд. 1, Новий Буг, 51288;Феофан Зубко;097 339-39-61;stanislav89@tsiutsiura-teslia.ua;P041;Dolor;S044;Nihil nisi tenetur.;SUP052;кг;110,91;211;I041;S096;P082;389;2025-04-15;O041;2025-04-15;placeat;S091;SUP062;Скасовано;Ірена Яремчук;081 649 08 90;stepandemianchuk@chalenko-tsybulenko.ua;2025-01-04
SUP042;Чарниш and Sons;шосе Ковалевського узвіз, буд. 7, Ізяслав, 81444;Роман Гайдай;khoma73@oliinyk.org;S042;Луценко Ltd;набережна 11-та ст. Великого Фонтану пляж, буд. 08 кв. 705, Гірник , 19782;Еріка Пʼятаченко;+38 042 881-84-62;btkach@ukr.net;P042;Illo;S036;Accusamus labore veritatis aperiam architecto.;SUP047;л;20,81;320;I042;S023;P036;450;2025-02-20;O042;2025-03-18;nisi;S020;SUP036;Виконано;пан Єфрем Тимченко;+38 015 733-01-66;mmalyshko@gov.ua;2025-02-15
SUP043;Притула PLC;площа 411-ї батареї, буд. 951, Очаків, 102643;Симон Єрмоленко;turkaloorest@aleksandrenko-symonenko.укр;S043;Титаренко-Баклан;проспект Скрипковий, буд. 54, Волочиськ, 65412;Борислав Фурс;+38 009 933-74-32;cherednykamvrosii@isaievych.org;P043;Ad;S020;Dolor quisquam aut doloribus suscipit labore.;SUP029;кг;106,49;82;I043;S079;P099;194;2025-03-03;O043;2025-01-01;dolorum;S056;SUP093;Скасовано;Іван Сич;+38 (046) 061-88-81;lshmorhun@meta.ua;2025-01-17
SUP044;Юхименко, Скопенко and Ільченко;шосе Дніпропетровська дорога, буд. 63 кв. 94, Почаїв, 03433;Борис Павленко;shyianieva@i.ua;S044;Хоменко, Дерегус and Влох;проспект Посмітного, буд. 2, Нова Каховка, 103930;Володимира Валенко;+38 096 093-81-15;hrechkooleh@gmail.com;P044;Animi;S028;Asperiores eum dolore ex quae pariatur.;SUP018;шт;171,76;124;I044;S073;P100;142;2025-04-11;O044;2025-04-29;eligendi;S023;SUP076;Виконано;Вадим Дергач;+38 013 872-94-06;zakharvakarchuk@gmail.com;2025-04-27
SUP045;Яремко, Вдовенко and Охріменко;набережна Травневий 1-й, буд. 96, Алчевськ, 105823;Едуард Канівець;aaron69@i.ua;S045;Асаула LLC;провулок Буніна, буд. 970, Берестечко, 37755;Маруся Бакуменко;+38 045 075-67-06;kshvaika@gmail.com;P045;Similique;S098;Exercitationem hic adipisci velit consequatur sint.;SUP066;шт;23,02;86;I045;S039;P067;385;2025-04-26;O045;2025-02-15;illum;S094;SUP098;Очікується;Віолетта Панчук;075 468-41-73;lubenetshryhorii@datsenko.net;2025-01-04
SUP046;Шовкопляс, Туркало and Яремчук;провулок Йосипа Тимченка, буд. 5, Могилів-Подільський, 57301;Пилип Демʼянюк;alla51@meta.ua;S046;Симоненко Group;шосе Наявний 3-й, буд. 6, Городня, 03824;Пармен Ващенко-Захарченко;+38 094 737-67-81;larysa07@lupii.info;P046;Aliquid;S044;Nesciunt fugiat autem.;SUP064;шт;22,91;93;I046;S052;P063;487;2025-02-20;O046;2025-01-05;dolores;S067;SUP068;Скасовано;Леон Баранник;+38 018 931-87-12;eduardiakymenko@svyrydenko.ua;2025-03-01
SUP047;Чередник-Терещенко;площа Китобійна, буд. 583, Вашківці, 82449;Людмила Яремко;symonkovalenko@ukr.net;S047;Таран-Гук;набережна Партизанська, буд. 168, Монастирище, 16547;пані Марія Супруненко;000 359 81 51;stefanandreiko@i.ua;P047;Sunt;S014;Amet reiciendis beatae dignissimos repellat natus.;SUP012;шт;173,75;214;I047;S071;P081;425;2025-04-03;O047;2025-01-15;ipsa;S084;SUP077;Очікується;пан Мирон Василевич;+38 (002) 223-17-47;sviatoslava94@bandura.net;2025-01-04
SUP048;Байрак-Конопля;вулиця Професора Коровицького, буд. 40, Гуляйполе, 13496;пан Леонтій Засуха;semenprytula@tkach.ua;S048;Верменич-Ткаченко;сквер Люстдорфська дорога, буд. 99, Гуляйполе, 48920;Вікторія Франко;004 133-89-92;teodortsarenko@meta.ua;P048;Est;S012;Ad molestias beatae amet error libero delectus quasi.;SUP097;кг;86,72;15;I048;S001;P031;215;2025-04-25;O048;2025-02-25;aperiam;S035;SUP037;Виконано;Пантелеймон Мірошниченко;814-31-78;ievhen16@ukr.net;2025-01-29
SUP049;Черненко LLC;парк Мічманський 2-й, буд. 96, Часів Яр, 08594;пан Орхип Стус;leslemeshko@riabchenko.ua;S049;Вернидуб Ltd;узвіз Слєпньова, буд. 38, Бережани, 93122;Одарка Туркало;045-82-67;skorykroksolana@usyk.ua;P049;Alias;S049;Cum ratione reprehenderit mollitia.;SUP007;шт;188,9;94;I049;S039;P036;129;2025-01-13;O049;2025-04-18;non;S079;SUP013;Скасовано;Георгій Засуха;085 108-07-78;hromanchuk@gmail.com;2025-04-22
SUP050;Михайлюк, Терещук and Акуленко;вулиця Сирітський, буд. 51 кв. 958, Привілля, 13174;Василина Карпа;vasyl99@gmail.com;S050;Рябовіл LLC;площа Пугачова, буд. 7 кв. 2, Новоукраїнка, 91236;Пармен Андрейко;+38 (027) 852-64-78;sviatoslavashchyrytsia@shutko.укр;P050;Animi;S013;Amet alias rerum alias id a hic.;SUP015;л;118,24;173;I050;S037;P057;427;2025-01-20;O050;2025-02-04;saepe;S069;SUP025;Скасовано;пані Христина Вертипорох;048 382 71 64;mykhailyna87@email.ua;2025-04-07
SUP051;Чередник, Жученко and Скоробогатько;вулиця Компасний, буд. 93, Молодогвардійськ, 101015;Ярина Гайда;veniiamyn61@meta.ua;S051;Дерегус, Жученко and Лукаш;сквер Аеродромна, буд. 942, Шумськ, 12050;Оксана Жарко;+38 050 886 10 54;lukiandanchuk@gov.ua;P051;Repellat;S046;Odit odit minus ab in amet.;SUP020;л;119,99;213;I051;S027;P010;41;2025-01-11;O051;2025-04-25;dolorum;S100;SUP038;Скасовано;Леонід Левченко;469 72 11;ievtushenkodavyd@tymchuk.ua;2025-01-24
SUP052;Демʼянчук PLC;сквер Профспілкова, буд. 609, Шпола, 08068;пан Микита Овсієнко;charnyshmakar@email.ua;S052;Охримович, Петлюра and Скоробогатько;вулиця Дежньова, буд. 44, Біляївка, 04339;Клавдія Мамчур;097 677-13-09;vakhniiiefrem@email.ua;P052;Sapiente;S045;Ipsa architecto incidunt voluptatibus adipisci.;SUP081;шт;17,55;345;I052;S056;P092;240;2025-05-12;O052;2025-03-28;minus;S062;SUP030;Очікується;Маруся Даниленко;+38 046 837 50 98;ulupii@gmail.com;2025-02-01
SUP053;Чумаченко Group;вулиця Проектний 5-й, буд. 97, Першотравенськ, 105569;Аніта Твердохліб;vladyslaviermolenko@tkach.ua;S053;Євдокименко, Алексюк and Ребрик;площа Сурикова 2-й, буд. 4 кв. 09, Кремінна, 37164;Леонтій Іщенко;030 539-83-93;lcherinko@gmail.com;P053;Similique;S078;Maiores quasi rem porro officia velit.;SUP021;л;25,58;130;I053;S075;P037;9;2025-01-22;O053;2025-04-12;ut;S060;SUP047;Виконано;Оксенія Рудик;+38 035 312-25-83;danyliuktaras@ukr.net;2025-05-10
SUP054;Даньків LLC;набережна Хімічна, буд. 610, Тетіїв, 55991;пані Олена Штокало;myroslav96@venhrynovych-levchenko.ua;S054;Михайличенко, Гречко and Авраменко;сквер Італійський, буд. 581, Славута, 13333;Тетяна Вовк;+38 041 495-65-49;ieromenkozynovii@romanets-huk.com;P054;Ut;S034;Fuga odit nobis eligendi labore nostrum dignissimos asperiores.;SUP088;шт;134,9;139;I054;S078;P031;383;2025-04-18;O054;2025-05-11;modi;S056;SUP023;Очікується;Василина Удовиченко;+38 (031) 283-47-61;priaboshapka@meta.ua;2025-03-19
SUP055;Шеремета, Жученко and Чумак;парк Роздольна, буд. 786, Українськ, 61854;Амалія Данчук;hryhorii01@danyliuk.com;S055;Терещук, Ісаєвич and Баранець;парк Кримський, буд. 056, Сулимівка (Слов'янськ), 86407;Владислав Рябовіл;024 772-93-12;jnalyvaiko@yeromenko.укр;P055;Eaque;S006;Temporibus quisquam dolorum doloremque esse placeat sint veniam.;SUP055;шт;117,39;84;I055;S084;P035;276;2025-04-09;O055;2025-04-03;enim;S094;SUP039;Скасовано;Владислав Захаренко;068 426-78-87;ltsiutsiura@gmail.com;2025-04-17
SUP056;Ляшко, Івасюк and Деряжний;узвіз Курська, буд. 05 кв. 30, Приморськ (Україна), 54413;Захар Вакарчук;amvrosiinalyvaiko@email.ua;S056;Яремко, Шморгун and Михалюк;провулок Творча, буд. 4 кв. 634, Долинська, 53961;Нестор Савенко;075 672 84 34;iarynaromanchuk@salii.ua;P056;Cupiditate;S094;In voluptates a nulla impedit.;SUP077;шт;70,11;362;I056;S042;P043;26;2025-03-05;O056;2025-01-27;quo;S076;SUP002;Очікується;Захар Шморгун;003 856 35 15;wrudyk@gov.ua;2025-04-13
SUP057;Якименко, Хомик and Андрусенко;проспект Нерубайська, буд. 2, Великі Мости, 85450;Дан Гоголь;anitashyian@stus.укр;S057;Шаповал, Дубас and Яковенко;шосе Балківська, буд. 22, Житомир, 84888;Тереза Макогон;072 999 16 72;andriishynaaron@ukr.net;P057;Repellendus;S059;Est quae eius repellendus corporis ut mollitia perspiciatis.;SUP009;л;59,55;58;I057;S060;P041;487;2025-05-12;O057;2025-01-28;occaecati;S035;SUP091;Скасовано;Миколай Ватаманюк;+38 090 305-67-96;ostap39@masokha.com;2025-01-05
SUP058;Гриценко-Демʼяненко;шосе Матроська Слобідка, буд. 95 кв. 50, Хоростків, 41014;Петро Бабʼюк;teodor76@i.ua;S058;Романець, Гайда and Акименко;набережна Стамбульський, буд. 65, Жовті Води, 101319;Спас Шутько;235 39 92;kovpakoleh@babiak.ua;P058;Veritatis;S069;Eum delectus inventore autem.;SUP050;л;137,25;198;I058;S057;P070;179;2025-05-12;O058;2025-04-25;consectetur;S042;SUP069;Очікується;Опанас Дергач;063 388-48-98;levkosamoilenko@gmail.com;2025-01-25
SUP059;Сич-Ткаченко;шосе Софії Перовської, буд. 006, Путивль, 67985;Алевтин Артеменко;arsen56@suprunenko-chernenko.info;S059;Дашкевич Ltd;набережна Рельєфна, буд. 52 кв. 73, Соледар, 32842;Світлана Вдовиченко;951-70-20;iukhym43@havryshkevych-bezborodko.info;P059;Ratione;S016;Ducimus reiciendis eveniet quis.;SUP049;шт;69,69;22;I059;S057;P011;114;2025-04-07;O059;2025-03-28;dolorem;S032;SUP017;Виконано;Соломія Лазаренко;029 478-59-64;olenademianiuk@balaban.ua;2025-01-18
SUP060;Андрейко-Цимбалюк;проспект Глиняна, буд. 2 кв. 0, Червоносів, 59544;Федір Скоробогатько;kmakohon@tkach.com;S060;Гоголь-Яновський-Зубко;парк Карантинна, буд. 59 кв. 99, Кам'янець-Подільський, 13089;Валентин Андрієвич;084 648-68-12;chumachenkoorest@lemeshko.net;P060;Et;S049;Illo error reiciendis aspernatur.;SUP077;шт;60,47;243;I060;S087;P018;332;2025-01-24;O060;2025-01-03;eveniet;S012;SUP036;Очікується;пані Анжела Сагаль;011 709-90-65;varvara08@pavlyk.com;2025-05-12
SUP061;Устенко-Бездітко;парк Санітарна, буд. 632 кв. 305, Ланівці, 94113;Мартин Арсенич;verkholaielysei@gov.ua;S061;Годунок-Данькевич;шосе Полуничний, буд. 88, Гірник , 92396;Святослав Акименко;080 660 81 92;andriievychorysia@ukr.net;P061;Rem;S011;Laboriosam voluptatem saepe numquam odio consectetur accusantium iure.;SUP060;шт;34,87;116;I061;S028;P020;35;2025-02-19;O061;2025-03-12;dolores;S036;SUP006;Очікується;пані Одарка Данильчук;054 855 31 03;ifilipenko@shtepa-prykhodko.net;2025-04-27
SUP062;Івасюк LLC;провулок Тіниста, буд. 364 кв. 8, Березівка, 62944;Ігор Алексійчук;solomonakymenko@haidai.org;S062;Дубенко-Малик;шосе Адміральський, буд. 4 кв. 0, Тальне, 44863;Володимира Шинкаренко;748 56 78;rostyslavonyshchenko@yeresko.net;P062;Expedita;S071;Ea porro neque.;SUP068;шт;132,65;105;I062;S066;P030;399;2025-01-26;O062;2025-01-01;recusandae;S058;SUP007;Очікується;Едита Лаба;+38 022 700-45-67;ruslanaleksiuk@i.ua;2025-01-03
SUP063;Євтушенко PLC;парк Педагогічний, буд. 99 кв. 5, Бориспіль, 06443;Вадим Михалюк;valentynzakharenko@gmail.com;S063;Колісниченко, Рябець and Ґалаґан;узвіз Лїнія 1-ша, буд. 86, Каховка, 106049;Камілла Пилипенко;+38 011 232-97-39;demydorlyk@gmail.com;P063;Asperiores;S038;Id sint quis quasi aliquid.;SUP033;кг;96,87;238;I063;S061;P050;490;2025-04-05;O063;2025-02-12;aliquid;S032;SUP071;Очікується;Назар Гайденко;+38 091 806-65-98;huziipanteleimon@ovsiienko.org;2025-03-09
SUP064;Кащенко Inc;вулиця Кордонна, буд. 669 кв. 1, Глобине, 24376;Марина Фесенко;snizhana19@meta.ua;S064;Шовкопляс Group;набережна Східний 2-й, буд. 48, Чернігів, 35236;Марʼяна Ґоляш;+38 071 832-40-14;kyryloholoborodko@gov.ua;P064;Iusto;S081;Laborum accusantium adipisci nulla beatae.;SUP071;шт;186,51;182;I064;S095;P089;333;2025-03-09;O064;2025-01-24;distinctio;S097;SUP038;Виконано;пані Еріка Носаченко;047 367-52-92;dan09@kabanenko.укр;2025-01-20
SUP065;Сірко-Шелест;площа Ананьївська, буд. 25, Кадіївка, 108124;Валентин Рубець;bohodar79@chornovil.ua;S065;Шахрай LLC;сквер Спортивний, буд. 09 кв. 658, Новомосковськ, 56768;Галина Ященко;+38 031 937 52 34;dhaidamaka@email.ua;P065;Quia;S080;Porro perspiciatis itaque asperiores itaque occaecati quasi.;SUP002;л;187,79;159;I065;S022;P020;20;2025-01-25;O065;2025-02-11;enim;S060;SUP090;Скасовано;пані Вікторія Захаренко;134-81-52;martynprotsenko@gmail.com;2025-02-11
SUP066;Кириленко Ltd;узвіз Лиманна, буд. 0, Тальне, 87972;Леон Гаврилець;malykmariana@onyshchenko.com;S066;Ващук, Їжакевич and Бандера;проспект Рожева, буд. 6 кв. 6, Новоград-Волинський, 43515;Панас Демиденко;889 19 82;korbutarkadii@gov.ua;P066;Repudiandae;S047;Nemo quaerat eius.;SUP088;шт;11,77;119;I066;S085;P091;386;2025-01-26;O066;2025-01-24;temporibus;S073;SUP017;Скасовано;Клавдія Цушко;060-95-16;leonid09@balaban.net;2025-03-30
SUP067;Самойленко Group;провулок Новаторів, буд. 95 кв. 553, Умань, 76457;Орися Зінчук;shynkarenkoiukhym@svystun.org;S067;Хмара Ltd;узвіз Чорноморка, буд. 99 кв. 05, Харцизьк, 23267;Емілія Пушкар;061 992-60-15;mazurokseniia@opanasenko-mykhailiuk.org;P067;Molestias;S074;Laborum ducimus iste illo.;SUP093;кг;128,02;117;I067;S011;P028;15;2025-02-01;O067;2025-02-23;illo;S079;SUP082;Скасовано;Василь Журавель;045 148-85-94;qtymchenko@teslia-nehoda.com;2025-01-13
SUP068;Онищенко PLC;площа Азовський, буд. 22, П'ятихатки, 104952;Богдан Гунько;marynaiaremchuk@adamchuk-yashchuk.ua;S068;Зарудний-Засуха;проспект Східний, буд. 9, Ужгород, 96439;Герман  Батуринець;024 178-74-88;hudovychenko@i.ua;P068;Voluptatem;S025;Rerum ipsa dolores illum id voluptatem voluptas.;SUP015;л;116,97;15;I068;S037;P009;486;2025-02-03;O068;2025-04-28;saepe;S086;SUP097;Виконано;Костянтин Гаврилишин;055 186-08-23;leopold98@gmail.com;2025-04-12
SUP069;Дубина, Вишняк and Тихий;сквер Ватманський, буд. 4 кв. 1, Чортків, 14672;Аврелій Корпанюк;dlytvyn@gov.ua;S069;Макаренко-Олійник;шосе Заводська, буд. 05, Монастирище, 29093;Богданна Охріменко;774-40-75;khoma75@laba.com;P069;Cum;S091;Sit sapiente esse beatae.;SUP088;кг;29;340;I069;S066;P054;126;2025-02-02;O069;2025-02-10;dolores;S049;SUP063;Виконано;пані Михайлина Дерегус;+38 009 609-51-69;oovsiienko@pylypenko.info;2025-04-03
SUP070;Тригуб, Колесниченко and Радченко;узвіз Лінійна, буд. 6 кв. 69, Миколаїв, 53442;Вікторія Чміль;syrotenkomilena@email.ua;S070;Сацюк PLC;проспект Макаренка, буд. 33 кв. 52, Світлодарськ, 59990;Аркадій Оберемко;083 345-37-06;piddubnyiieva@chervonenko.ua;P070;Optio;S009;Repudiandae repellat esse.;SUP069;шт;112,15;101;I070;S085;P053;102;2025-02-01;O070;2025-04-01;rem;S044;SUP014;Очікується;Аркадій Зінченко;+38 071 731-76-64;omeliankaras@ivanchenko.org;2025-01-22
SUP071;Харченко Ltd;проспект П'ята, буд. 4, Глиняни, 82776;Ілля Мірошниченко;oksana43@piddubnyi.ua;S071;Дробʼязко, Абраменко and Вітер;набережна Палія Семена, буд. 760, Почаїв, 13878;пан Охрім Цюпа;+38 073 636-90-18;qvyshniak@moskal.info;P071;Magnam;S006;Blanditiis deserunt eos alias nemo temporibus eius.;SUP097;л;106,12;207;I071;S082;P043;429;2025-04-08;O071;2025-01-19;quos;S004;SUP002;Виконано;пані Людмила Теличенко;015 121 14 70;blevchenko@chumachenko-artymyshyn.com;2025-01-27
SUP072;Медведенко, Карась and Москаль;набережна Шефська, буд. 40, Світлодарськ, 59913;Мирон Шахрай;ivanperepelytsia@ukr.net;S072;Сич, Франко and Алексеєнко;площа Володі Дубініна, буд. 507, Генічеськ, 09413;Пармен Оробець;046 722-34-89;oleksandrtkach@yevtushenko.info;P072;Ratione;S085;Laboriosam exercitationem nam quo.;SUP035;шт;35,17;171;I072;S080;P070;10;2025-02-18;O072;2025-03-21;tenetur;S064;SUP074;Скасовано;Дарина Орлик;+38 062 127 40 11;marynashvedchenko@aleksiuk.ua;2025-04-02
SUP073;Годунок, Орлик and Абрагамовський;площа Студена, буд. 2, Молодогвардійськ, 104657;Розалія Пелех;lukian26@gov.ua;S073;Жарко-Дерегус;площа Амбулаторна, буд. 51, Тетіїв, 24472;Ольга Ісаєвич;+38 072 913-70-54;fedir20@gov.ua;P073;Delectus;S030;Dolores velit natus vel commodi eos.;SUP099;л;76,31;145;I073;S043;P060;318;2025-04-11;O073;2025-01-21;voluptatum;S042;SUP037;Виконано;пані Софія Демиденко;190-32-93;kruban@tymchenko-kashchenko.ua;2025-04-25
SUP074;Джунь PLC;парк Квітковий, буд. 069, Володимир-Волинський, 61328;Владислав Влох;vadymkyrylenko@bashpolchenko.info;S074;Овчаренко and Sons;набережна ім. С.Ю. Вітте, буд. 973 кв. 23, Бершадь, 86597;Леон Каденюк;027 285-36-36;ievhenatroshchenko@gov.ua;P074;Mollitia;S099;Necessitatibus odit vero nesciunt quidem optio atque.;SUP083;л;23,07;38;I074;S012;P054;78;2025-02-09;O074;2025-01-26;eveniet;S024;SUP061;Скасовано;Вадим Башполченко;060 216-65-23;uvovk@prymachenko.net;2025-04-29
SUP075;Ємець, Твердохліб and Шаблій;провулок Івана Франка, буд. 450, Татарбунари, 92104;Петро Стельмах;iaremaoleksa@andriichuk.net;S075;Дацюк Group;проспект Проценка, буд. 04 кв. 29, Надвірна, 22233;Святослав Венгринович;+38 024 403-30-22;marusiazubko@gmail.com;P075;Porro;S038;Repellat beatae omnis voluptas accusantium voluptate.;SUP044;л;56,41;145;I075;S097;P008;122;2025-01-20;O075;2025-03-10;ullam;S063;SUP062;Виконано;Семен Забіла;+38 015 964 37 37;volodymyrdzyndra@neporozhnii-dankevych.ua;2025-02-28
SUP076;Ляшко and Sons;набережна 8-ма Суворовська, буд. 683 кв. 858, Перечин, 61180;Вʼячеслав Орлик;lteslenko@gov.ua;S076;Асаула, Саєнко and Іваничук;площа Східний, буд. 87 кв. 0, Сорокине, 08773;Валентина Жайворон;+38 048 319 86 84;shcherbanhordii@mamchur.org;P076;Quibusdam;S011;Sunt aperiam accusantium numquam.;SUP015;кг;64,15;182;I076;S031;P027;64;2025-04-08;O076;2025-04-16;commodi;S028;SUP057;Виконано;Богдан Бабій;+38 074 149 09 82;balekseienko@ukr.net;2025-03-01
SUP077;Голобородько-Чабан;набережна Бузковий 2-й, буд. 6 кв. 48, Родинське, 98289;Євген Орлик;fnosachenko@gmail.com;S077;Данчук Ltd;проспект Чапаєва 2-й, буд. 46, Білгород-Дністровський, 61311;Демид Гуцуляк;+38 023 731 69 95;vdovenkobohdan@zasiadko-nehoda.info;P077;Earum;S030;Nobis expedita itaque aliquid assumenda exercitationem.;SUP038;шт;93,26;331;I077;S087;P054;242;2025-01-21;O077;2025-03-02;optio;S046;SUP044;Скасовано;Олександр Михалюк;097 565-41-79;oryna78@babenko.ua;2025-02-02
SUP078;Верменич Ltd;сквер Леха Качинського, буд. 77 кв. 34, Географія Вільнянська, 103383;Любов Давиденко;ievhenvanchenko@gmail.com;S078;Михалюк, Дубенко and Данькевич;парк Марії Демченко, буд. 34 кв. 8, Довжанськ, 61915;Галина Ємець;025 523-00-86;tshovkoplias@chumak.info;P078;Ad;S013;Possimus illo similique debitis cumque blanditiis nam.;SUP056;кг;113,21;263;I078;S040;P050;342;2025-03-10;O078;2025-02-20;rerum;S034;SUP024;Скасовано;Богуслава Чуйко;+38 050 804-01-68;banderaavhustyn@bandurka-skyrda.com;2025-01-01
SUP079;Петрик PLC;площа Розумовський 2-й, буд. 361, Вишневе , 26138;Соломія Лавренко;svitlana87@gmail.com;S079;Швачка, Влох and Лупій;набережна Дружний, буд. 5, Красногорівка, 33741;Борис Пелех;043 607-53-70;levkoiesypenko@andrusenko.ua;P079;Odit;S049;Labore aliquam vero distinctio eveniet officiis maxime.;SUP021;кг;67,48;207;I079;S029;P099;58;2025-03-06;O079;2025-04-01;ipsum;S044;SUP007;Виконано;Варфоломій Бездітко;+38 (087) 465-25-98;iermolenkoiaryna@email.ua;2025-04-04
SUP080;Онуфрієнко, Ватаманюк and Перебийніс;провулок Воронцовський, буд. 835, Чигирин, 62580;Альбіна Дробʼязко;isaievychorysia@tsymbal-petrenko.net;S080;Рак, Оніщук and Лубенець;вулиця Соляний 4-й, буд. 712, Заліщики, 16177;Йосип Андріїшин;026-17-59;davymukasviatoslava@meta.ua;P080;Placeat;S036;Cupiditate porro esse.;SUP059;шт;196,93;350;I080;S026;P075;288;2025-05-07;O080;2025-04-25;quo;S036;SUP033;Виконано;Анастасія Гавриленко;+38 (027) 681-17-60;baidakpanas@drozd.info;2025-04-28
SUP081;Вітрук-Затовканюк;вулиця Райдужна, буд. 9, Київ, 81461;Макар Тягнибок;rlytvyn@ukr.net;S081;Оберемко, Годунок and Василечко;парк Бузковий 2-й, буд. 441 кв. 8, Красногорівка, 109661;Варвара Савенко;+38 030 670 97 42;balabanvitalii@darahan.org;P081;Explicabo;S059;Quasi non suscipit minima.;SUP001;шт;163,35;277;I081;S019;P090;485;2025-05-12;O081;2025-01-14;sint;S077;SUP062;Очікується;Соломія Єрмоленко;+38 079 471-99-40;vovkdemyd@gmail.com;2025-01-23
SUP082;Швачко-Чумак;сквер Морський 2-й, буд. 856, Золочів, 06669;Дарина Худобʼяк;orest66@kalenychenko-tarasenko.info;S082;Башполченко, Бабенко and Чорновіл;площа Виноградний тупик, буд. 54, Остер , 82446;пані Юстина Сич;+38 031 562-60-10;xbaranyk@babak.укр;P082;Distinctio;S082;Molestiae corrupti corporis ipsam.;SUP093;шт;110,5;172;I082;S004;P003;111;2025-02-06;O082;2025-04-06;facilis;S090;SUP015;Скасовано;Олена Уманець;+38 008 180-47-90;pavlykorest@gov.ua;2025-01-27
SUP083;Рудько Group;набережна Гранатна, буд. 7, Курахове, 108085;Марта Макаренко;charnyshielysei@aleksandrenko.org;S083;Михалюк, Кальченко and Ємець;узвіз Осіння, буд. 4, Андрушівка, 101672;пані Марія Мазур;850-46-28;eholoborodko@email.ua;P083;Unde;S047;Vitae quia similique fugit eveniet.;SUP093;л;136,89;17;I083;S006;P098;238;2025-01-08;O083;2025-03-17;doloremque;S036;SUP009;Очікується;Надія Саченко;086 576-81-93;iaroshzorian@deriazhnyi.ua;2025-02-02
SUP084;Луценко, Фесенко and Цимбалюк;набережна Пугачова, буд. 926, Донецьк, 97525;Франц Алексійчук;paliisnizhana@i.ua;S084;Тягнибок-Давиденко;набережна Інтернаціональний, буд. 73, Вінниця, 37494;Едуард Бабій;+38 091 658-64-87;derkachvolodymyr@dashkevych.org;P084;Exercitationem;S021;Inventore hic dolor ex quas.;SUP034;кг;115,37;62;I084;S032;P074;358;2025-01-20;O084;2025-04-18;eos;S072;SUP052;Виконано;пані Марʼяна Атаманчук;+38 012 072 72 90;tymofii36@atamanchuk-zhuchenko.com;2025-01-06
SUP085;Дзюба, Чередник and Павленко;вулиця Крутоярська, буд. 69 кв. 627, Сіверськ, 105209;Володимира Чубай;vasylevychfrants@i.ua;S085;Лесик and Sons;проспект Інтернаціональний, буд. 4 кв. 1, Жидачів, 94830;Руслан Дашенко;607 99 33;les79@lytvyn.com;P085;Vitae;S048;Non voluptatem sed quis.;SUP065;кг;187,03;136;I085;S061;P049;131;2025-02-26;O085;2025-01-05;ut;S002;SUP063;Скасовано;Данна Мірошниченко;015 704-43-55;marusiapavlychenko@i.ua;2025-03-29
SUP086;Шухевич and Sons;шосе Приморська, буд. 67, Радомишль, 74722;Опанас Фурс;leonzakharenko@ukr.net;S086;Кармалюк, Жайворон and Литвиненко;проспект Середньофонтанська, буд. 646, Ясинувата, 56515;Демʼян Тихий;+38 007 373-20-38;ivan65@ukr.net;P086;Eligendi;S046;Modi consequuntur maiores quidem.;SUP098;кг;29,68;94;I086;S079;P062;392;2025-03-18;O086;2025-03-17;beatae;S067;SUP010;Виконано;Софія Їжак;+38 008 683 43 11;valentynkhudobiak@gov.ua;2025-01-05
SUP087;Свириденко, Бабариченко and Шиян;площа Лермонтовський 2-й, буд. 90 кв. 3, Бобринець, 62817;пані Віолетта Фаренюк;kabanenkokostiantyn@haidabura-nosachenko.укр;S087;Даньків Ltd;вулиця Академіка Воробйова, буд. 14 кв. 4, Шахтарськ, 13668;Василина Тимченко;+38 (062) 022-29-15;mykhailo99@ovcharenko.net;P087;Perferendis;S027;Natus sed neque quas odit.;SUP023;кг;176,84;300;I087;S099;P001;188;2025-03-17;O087;2025-02-27;dolores;S025;SUP074;Скасовано;Дмитро Супруненко;882 88 70;halynazhalilo@ukr.net;2025-02-01
SUP088;Ткач-Шведченко;вулиця Дорбуду, буд. 5 кв. 2, Бердичів, 16029;Надія Дубина;anton61@yarosh.укр;S088;Ребрик, Тесленко and Лавренко;провулок Тополиний, буд. 0, Харцизьк, 22100;Симон Гунько;+38 051 346 48 95;odarka61@ukr.net;P088;Vel;S086;Ab inventore repellat hic.;SUP065;кг;60,25;138;I088;S010;P046;85;2025-01-27;O088;2025-03-11;numquam;S011;SUP081;Виконано;Ярема Зінкевич;+38 052 607 96 41;iakiv39@ukr.net;2025-04-06
SUP089;Харченко-Ященко;сквер Куяльницький міст, буд. 4 кв. 442, Іллінці, 98097;Пилип Вахній;herman-08@gov.ua;S089;Жайворон, Гузенко and Архимович;парк Бузковий 2-й, буд. 3, Костопіль, 107886;Лілія Рак;+38 068 756-51-25;marianakozachenko@meta.ua;P089;Quam;S035;Velit blanditiis et deserunt.;SUP014;л;179,05;22;I089;S059;P039;310;2025-03-21;O089;2025-01-31;aperiam;S031;SUP088;Очікується;Вікторія Кабаненко;657-90-06;pavlykandrii@gov.ua;2025-02-19
SUP090;Петлюра, Товстуха and Токар;узвіз Дальницька, буд. 256 кв. 88, Амвросіївка, 16646;Лариса Шутько;markotverdokhlib@gov.ua;S090;Гаврилюк, Бабиченко and Затовканюк;вулиця Терещенка Володимира, буд. 49 кв. 7, Мена , 04914;пані Мілена Вівчаренко;+38 024 670-21-61;nataliia32@gov.ua;P090;Aliquid;S090;Modi ex culpa harum eveniet.;SUP081;шт;151,06;58;I090;S054;P097;310;2025-04-14;O090;2025-03-11;in;S093;SUP007;Очікується;Алевтин Ванченко;+38 (069) 475-07-06;udatsiuk@gmail.com;2025-02-20
SUP091;Бабич Group;сквер Студентський 3-й, буд. 98 кв. 963, Монастирище, 36674;Анастасія Шило;sbabko@vakulenko-bezborodky.net;S091;Парасюк and Sons;сквер Листяний, буд. 203 кв. 92, Зіньків, 81479;Сніжана Жайворон;916-42-25;kabanenkovarvara@khudiak.net;P091;Assumenda;S088;Ad reprehenderit officiis ad vel similique.;SUP039;л;39,54;308;I091;S081;P050;493;2025-02-18;O091;2025-02-06;vitae;S053;SUP020;Очікується;Леон Шеремета;+38 080 319 20 78;ydzhus@email.ua;2025-01-11
SUP092;Романець-Давимука;площа Пересипський 2-й, буд. 3 кв. 0, Баранівка, 72189;Болеслав Єрмоленко;panasviter@gov.ua;S092;Рубець and Sons;площа Лінія 43-тя, буд. 55, Винники, 64974;Панас Палій;+38 038 603-97-89;obakumenko@averchenko.net;P092;Accusantium;S083;Aliquam facilis neque animi sed et error iste.;SUP082;л;63,53;225;I092;S074;P054;382;2025-04-12;O092;2025-01-09;aut;S063;SUP020;Скасовано;Галина Коваленко;052 862-50-76;oleksandrparasiuk@gmail.com;2025-03-08
SUP093;Єщенко-Ковпак;набережна Десятого квітня, буд. 55 кв. 19, Дружба , 66428;пан Опанас Перепелиця;klymenthres@gov.ua;S093;Чуйко, Заруба and Харченко;провулок Академіка Корольова, буд. 313 кв. 5, Бердичів, 67624;Віолетта Верхола;+38 (081) 824-15-87;hshtepa@tytarenko-eibozhenko.укр;P093;Eos;S010;Repellendus fugiat eos facere velit a.;SUP065;л;50,02;179;I093;S025;P069;367;2025-01-16;O093;2025-01-12;odit;S072;SUP073;Скасовано;Юхим Титаренко;634-45-80;lubenetsalina@email.ua;2025-03-28
SUP094;Байдак PLC;сквер Данькевича, буд. 31 кв. 80, Щастя , 43641;Любов Калениченко;dziubasviatoslav@ukr.net;S094;Гриценко, Мірошниченко and Рак;сквер Конструкторський, буд. 7, Кролевець, 16754;Анжела Давимука;088 179 82 43;venedykt74@fesenko.org;P094;Magni;S078;Nemo quos unde soluta libero.;SUP078;шт;75,15;163;I094;S092;P096;58;2025-02-27;O094;2025-01-17;commodi;S098;SUP039;Скасовано;Герман  Гриценко;015 125-43-79;kyrylosirko@email.ua;2025-03-30
SUP095;Адаменко, Павличенко and Шморгун;сквер Овідіопольська дорога, буд. 9, Добропілля, 67106;Алевтин Артимишин;semenchenkoedyta@i.ua;S095;Конопля-Орлик;проспект Водопровідний 2-й, буд. 2, Могилів-Подільський, 99372;Єва Скорик;627-38-81;xlytvyn@galagan-perebyinis.info;P095;Perferendis;S082;Corrupti dicta magni ducimus ut sint.;SUP026;шт;140,62;226;I095;S090;P095;398;2025-04-11;O095;2025-01-29;fugit;S031;SUP011;Очікується;Розалія Негода;+38 054 518 06 21;stepan88@i.ua;2025-03-04
SUP096;Фаренюк-Цибуленко;набережна Баштанна, буд. 0, Рудки, 22806;Спас Балабан;feofan54@kylymnyk.ua;S096;Єрошенко, Гайдай and Бабак;шосе Волзький, буд. 83, Борзна, 59271;Аврелій Юрченко;+38 (014) 950-08-17;evasylenko@riabchenko.net;P096;Quas;S022;Fugit aspernatur repellat omnis libero cumque voluptatum.;SUP020;кг;172,05;313;I096;S050;P070;419;2025-02-15;O096;2025-05-02;corporis;S089;SUP032;Скасовано;Надія Єфименко;947-32-19;chaidamaka@khorishko-kolodub.укр;2025-02-19
SUP097;Абрамчук and Sons;сквер Амурський 2-й, буд. 7 кв. 818, Глухів, 26076;Галина Іщенко;kzabara@yeshchenko-opanasenko.укр;S097;Дейсун, Дерегус and Демиденко;площа Савицький, буд. 442, Рава-Руська, 61509;пані Наталія Верхола;618 85 65;iatsenkooleh@yukhymenko-huk.org;P097;Soluta;S069;Fuga accusantium cum natus magni sed adipisci.;SUP048;л;106,03;264;I097;S064;P078;83;2025-05-13;O097;2025-05-04;fugit;S061;SUP016;Виконано;Марко Радченко;+38 015 640-32-00;sbabarychenko@kashchenko.ua;2025-03-15
SUP098;Зінчук Inc;площа Пересипська 2-га, буд. 362 кв. 967, Мар'їнка, 46481;Амалія Фесенко;wtereshchuk@barabash-chumak.net;S098;Гаврюшенко-Журба;парк Гімназична, буд. 171, Нова Каховка, 03633;Владислав Сірченко;089 442-96-09;qderevianko@bazylevych-kashchenko.org;P098;Voluptatibus;S094;Similique rerum repellendus vitae aliquam neque aliquam.;SUP098;кг;57,71;62;I098;S052;P029;493;2025-03-16;O098;2025-05-07;dignissimos;S083;SUP072;Скасовано;Марʼяна Джунь;081 468 92 61;lizamatviienko@i.ua;2025-01-02
SUP099;Дуплій Inc;площа Інглезі, буд. 395, Любомль, 44644;Марина Овчаренко;les29@arsenych.net;S099;Вергун, Червоненко and Захаренко;вулиця Картамишевський, буд. 15, Українськ, 07832;Артем Масляк;+38 (076) 543-55-09;rozaliia96@turkalo.укр;P099;Vero;S032;Atque commodi ipsam.;SUP021;шт;182,55;200;I099;S032;P063;159;2025-04-20;O099;2025-02-05;impedit;S092;SUP098;Очікується;Камілла Годунок;+38 016 402-83-28;cartym@gmail.com;2025-03-27
SUP100;Козаченко-Даньків;набережна Виноградний, буд. 69 кв. 960, Валки , 102501;Зиновій Фартушняк;vdarahan@i.ua;S100;Перебийніс, Доценко and Гуцуляк;проспект Садова 6-та, буд. 069 кв. 6, Дубно, 64691;Ростислав Тригуб;+38 041 106 97 63;bohuslav28@gov.ua;P100;Quae;S021;Sit cum aperiam optio.;SUP070;шт;19,65;298;I100;S019;P029;55;2025-05-05;O100;2025-04-20;assumenda;S063;SUP054;Очікується;Лілія Титаренко;+38 093 959-18-15;nazarartemenko@meta.ua;2025-04-06
